model_key,model_type,r2_score,mae,rmse
balanced,RandomForestRegressor,0.3017119588440048,15.513294877079977,19.273916925613793
batting_friendly,GradientBoostingRegressor,0.3019325012423888,15.504501271634211,19.270873015868414
bowling_friendly,GradientBoostingRegressor,0.3040443106409093,15.481459396006544,19.2417015987829
fallback,LinearRegression,0.3290720812585177,15.385773912698488,19.00430000803003
