model_key,model_type,r2_score,mae,rmse
balanced,RandomForestRegressor,0.31002601404052277,15.501486664365714,19.223876120137017
batting_friendly,GradientBoostingRegressor,0.3101648816174646,15.49966915318761,19.22194147659469
bowling_friendly,GradientBoostingRegressor,0.3114880938767831,15.487608908158313,19.203497274069754
fallback,LinearRegression,0.3331078582410457,15.232903000746255,18.818011914226588
